index,heartRate
0,0
1,0
2,0
3,0
4,0
5,0
6,0
7,0
8,0
9,0
10,0
11,0
12,0
13,0
14,0
15,0
16,0
17,0
18,0
19,0
20,0
21,0
22,0
23,0
24,0
25,0
26,0
27,0
28,0
29,0
30,0
31,0
32,0
33,0
34,0
35,0
36,0
37,0
38,0
39,0
40,0
41,0
42,0
43,0
44,0
45,0
46,0
47,0
48,0
49,0
50,0
51,0
52,0
53,0
54,0
55,0
56,0
57,0
58,0
59,0
60,0
61,0
62,0
63,0
64,0
65,0
66,0
67,0
68,0
69,0
70,0
71,0
72,0
73,0
74,0
75,0
76,0
77,0
78,0
79,0
80,0
81,0
82,0
83,0
84,0
85,0
86,0
87,0
88,0
89,0
90,0
91,0
92,0
93,0
94,0
95,0
96,0
97,0
98,0
99,0
100,0
101,0
102,0
103,0
104,0
105,0
106,0
107,0
108,0
109,0
110,0
111,0
112,0
113,0
114,0
115,0
116,0
117,0
118,0
119,0
120,0
121,0
122,0
123,0
124,0
125,0
126,0
127,0
128,0
129,0
130,0
131,0
132,0
133,0
134,0
135,0
136,0
137,0
138,0
139,0
140,0
141,0
142,0
143,0
144,0
145,0
146,0
147,0
148,0
149,0
150,0
151,0
152,0
153,0
154,0
155,0
156,0
157,0
158,0
159,0
160,0
161,0
162,0
163,0
164,0
165,0
166,0
167,0
168,0
169,0
170,0
171,0
172,0
173,0
174,0
175,0
176,0
177,0
178,0
179,0
180,0
181,0
182,0
183,0
184,0
185,0
186,0
187,0
188,0
189,0
190,0
191,0
192,0
193,0
194,0
195,0
196,0
197,0
198,0
199,0
200,0
201,0
202,0
203,0
204,0
205,0
206,0
207,0
208,0
209,0
210,0
211,0
212,0
213,0
214,0
215,0
216,0
217,0
218,0
219,0
220,0
221,0
222,0
223,0
224,0
225,0
226,0
227,0
228,0
229,0
230,0
231,0
232,0
233,0
234,0
235,0
236,0
237,0
238,0
239,0
240,0
241,0
242,0
243,0
244,0
245,0
246,0
247,0
248,0
249,0
250,0
251,0
252,0
253,0
254,0
255,0
256,0
257,0
258,0
259,0
260,0
261,0
262,0
263,0
264,0
265,0
266,0
267,0
268,0
269,0
270,0
271,0
272,0
273,0
274,0
275,0
276,0
277,0
278,0
279,0
280,0
281,0
282,0
283,0
284,0
285,0
286,0
287,0
288,0
289,0
290,0
291,0
292,0
293,0
294,0
295,0
296,0
297,0
298,0
299,0
300,0
301,0
302,0
303,0
304,0
305,0
306,0
307,0
308,0
309,0
310,0
311,0
312,0
313,0
314,0
315,0
316,0
317,0
318,0
319,0
320,0
321,0
322,0
323,0
324,0
325,0
326,0
327,0
328,0
329,0
330,0
331,0
332,0
333,0
334,0
335,0
336,0
337,0
338,0
339,0
340,0
341,0
342,0
343,0
344,0
345,0
346,0
347,0
348,0
349,0
350,0
351,0
352,0
353,0
354,0
355,0
356,0
357,0
358,0
359,0
360,0
361,0
362,0
363,0
364,0
365,0
366,0
367,0
368,0
369,0
370,0
371,0
372,0
373,0
374,0
375,0
376,0
377,0
378,0
379,0
380,0
381,0
382,0
383,0
384,0
385,0
386,0
387,0
388,0
389,0
390,0
391,0
392,0
393,0
394,0
395,0
396,0
397,0
398,0
399,0
400,0
401,0
402,0
403,0
404,0
405,0
406,0
407,0
408,0
409,0
410,0
411,0
412,0
413,0
414,0
415,0
416,0
417,0
418,0
419,0
420,0
421,0
422,0
423,0
424,0
425,0
426,0
427,0
428,0
429,0
430,0
431,0
432,0
433,0
434,0
435,0
436,0
437,0
438,0
439,0
440,0
441,0
442,0
443,0
444,0
445,0
446,0
447,0
448,0
449,0
450,0
451,0
452,0
453,0
454,0
455,0
456,0
457,0
458,0
459,0
460,0
461,0
462,0
463,0
464,0
465,0
466,0
467,0
468,0
469,0
470,0
471,0
472,0
473,0
474,0
475,0
476,0
477,0
478,0
479,0
480,0
481,0
482,0
483,0
484,0
485,0
486,0
487,0
488,0
489,0
490,0
491,0
492,0
493,0
494,0
495,0
496,0
497,0
498,0
499,0
500,0
501,0
502,0
503,0
504,0
505,0
506,0
507,0
508,0
509,0
510,0
511,0
512,0
513,0
514,0
515,0
516,0
517,0
518,0
519,0
520,0
521,0
522,0
523,0
524,0
525,0
526,0
527,0
528,0
529,0
530,0
531,0
532,0
533,0
534,0
535,0
536,0
537,0
538,0
539,0
540,0
541,0
542,0
543,0
544,0
545,0
546,0
547,0
548,0
549,0
550,0
551,0
552,0
553,0
554,0
555,0
556,0
557,0
558,0
559,0
560,0
561,0
562,0
563,0
564,0
565,0
566,0
567,0
568,0
569,0
570,0
571,0
572,0
573,0
574,0
575,0
576,0
577,0
578,0
579,0
580,0
581,0
582,0
583,0
584,0
585,0
586,0
587,0
588,0
589,0
590,0
591,0
592,0
593,0
594,0
595,0
596,0
597,0
598,0
599,0
600,0
601,0
602,0
603,0
604,0
605,0
606,0
607,0
608,0
609,0
610,0
611,0
612,0
613,0
614,0
615,0
616,0
617,0
618,0
619,0
620,0
621,0
622,81
623,83
624,81
625,79
626,82
627,85
628,82
629,81
630,79
631,0
632,81
633,80
634,77
635,75
636,75
637,75
638,0
639,0
640,0
641,0
642,0
643,73
644,73
645,0
646,0
647,0
648,0
649,0
650,0
651,0
652,0
653,75
654,0
655,76
656,77
657,0
658,75
659,78
660,80
661,82
662,81
663,80
664,77
665,78
666,79
667,80
668,79
669,78
670,77
671,75
672,73
673,0
674,76
675,0
676,0
677,0
678,0
679,0
680,0
681,0
682,0
683,0
684,0
685,0
686,0
687,0
688,0
689,70
690,68
691,70
692,0
693,76
694,77
695,75
696,73
697,72
698,72
699,0
700,0
701,0
702,0
703,0
704,0
705,70
706,71
707,73
708,74
709,72
710,71
711,72
712,71
713,0
714,73
715,75
716,77
717,76
718,77
719,80
720,82
721,85
722,85
723,84
724,81
725,83
726,82
727,81
728,80
729,0
730,78
731,77
732,74
733,73
734,71
735,69
736,69
737,0
738,0
739,0
740,0
741,0
742,0
743,0
744,0
745,0
746,0
747,0
748,0
749,0
750,0
751,0
752,0
753,0
754,0
755,0
756,75
757,77
758,0
759,0
760,0
761,0
762,0
763,0
764,0
765,0
766,0
767,0
768,0
769,0
770,0
771,0
772,0
773,0
774,0
775,83
776,81
777,80
778,80
779,0
780,0
781,0
782,0
783,0
784,0
785,0
786,0
787,0
788,0
789,81
790,81
791,78
792,79
793,77
794,76
795,77
796,0
797,0
798,0
799,0
800,0
801,0
802,0
803,0
804,0
805,0
806,87
807,87
808,86
809,0
810,0
811,0
812,0
813,0
814,0
815,0
816,0
817,0
818,0
819,0
820,0
821,0
822,0
823,0
824,0
825,0
826,0
827,0
828,0
829,0
830,0
831,0
832,0
833,0
834,0
835,0
836,0
837,0
838,0
839,0
840,0
841,0
842,0
843,0
844,0
845,0
846,0
847,0
848,0
849,0
850,0
851,0
852,0
853,0
854,0
855,0
856,0
857,0
858,0
859,68
860,0
861,0
862,0
863,0
864,0
865,0
866,78
867,77
868,76
869,0
870,74
871,74
872,77
873,79
874,76
875,74
876,72
877,71
878,72
879,71
880,72
881,70
882,71
883,72
884,72
885,75
886,0
887,0
888,0
889,0
890,0
891,0
892,0
893,0
894,0
895,0
896,0
897,0
898,0
899,0
900,0
901,0
902,0
903,0
904,0
905,0
906,0
907,0
908,0
909,0
910,0
911,0
912,0
913,0
914,0
915,0
916,67
917,67
918,69
919,69
920,0
921,87
922,85
923,83
924,81
925,0
926,79
927,77
928,75
929,74
930,74
931,0
932,0
933,0
934,0
935,0
936,93
937,93
938,95
939,0
940,93
941,0
942,0
943,0
944,0
945,0
946,0
947,0
948,0
949,0
950,0
951,0
952,0
953,0
954,0
955,0
956,0
957,0
958,0
959,79
960,82
961,83
962,0
963,0
964,0
965,0
966,0
967,0
968,0
969,0
970,0
971,85
972,85
973,83
974,82
975,84
976,86
977,83
978,86
979,87
980,90
981,0
982,89
983,90
984,89
985,90
986,88
987,88
988,85
989,84
990,82
991,82
992,85
993,87
994,88
995,90
996,93
997,0
998,94
999,97
1000,98
1001,99
1002,101
1003,98
1004,96
1005,94
1006,93
1007,91
1008,90
1009,90
1010,87
1011,87
1012,84
1013,83
1014,84
1015,0
1016,86
1017,85
1018,87
1019,86
1020,88
1021,86
1022,84
1023,82
1024,79
1025,81
1026,83
1027,86
1028,0
1029,0
1030,0
1031,0
1032,0
1033,0
1034,0
1035,0
1036,0
1037,0
1038,0
1039,0
1040,0
1041,0
1042,0
1043,0
1044,0
1045,0
1046,0
1047,0
1048,0
1049,0
1050,0
1051,0
1052,0
1053,0
1054,0
1055,91
1056,92
1057,93
1058,96
1059,94
1060,0
1061,91
1062,91
1063,91
1064,88
1065,86
1066,85
1067,82
1068,0
1069,79
1070,78
1071,79
1072,81
1073,84
1074,86
1075,87
1076,87
1077,0
1078,0
1079,0
1080,0
1081,0
1082,0
1083,0
1084,78
1085,81
1086,81
1087,0
1088,0
1089,0
1090,0
1091,0
1092,0
1093,65
1094,65
1095,0
1096,0
1097,0
1098,0
1099,0
1100,0
1101,0
1102,0
1103,0
1104,0
1105,0
1106,0
1107,0
1108,0
1109,0
1110,0
1111,0
1112,0
1113,71
1114,0
1115,77
1116,77
1117,78
1118,0
1119,80
1120,83
1121,86
1122,88
1123,90
1124,91
1125,90
1126,87
1127,84
1128,83
1129,82
1130,80
1131,79
1132,77
1133,76
1134,0
1135,75
1136,74
1137,71
1138,71
1139,0
1140,0
1141,0
1142,0
1143,0
1144,70
1145,71
1146,73
1147,71
1148,0
1149,71
1150,0
1151,0
1152,0
1153,0
1154,0
1155,0
1156,0
1157,0
1158,0
1159,0
1160,0
1161,0
1162,0
1163,0
1164,0
1165,84
1166,87
1167,87
1168,0
1169,0
1170,0
1171,0
1172,0
1173,72
1174,73
1175,73
1176,0
1177,74
1178,71
1179,68
1180,70
1181,72
1182,74
1183,74
1184,74
1185,0
1186,0
1187,0
1188,0
1189,0
1190,66
1191,0
1192,68
1193,70
1194,69
1195,68
1196,68
1197,0
1198,0
1199,0
1200,0
1201,0
1202,0
1203,0
1204,0
1205,0
1206,0
1207,0
1208,77
1209,75
1210,78
1211,79
1212,82
1213,84
1214,87
1215,89
1216,91
1217,90
1218,89
1219,88
1220,86
1221,0
1222,84
1223,82
1224,80
1225,81
1226,79
1227,76
1228,77
1229,76
1230,77
1231,76
1232,74
1233,73
1234,77
1235,0
1236,77
1237,80
1238,82
1239,82
1240,83
1241,81
1242,79
1243,77
1244,75
1245,74
1246,71
1247,73
1248,76
1249,76
1250,78
1251,76
1252,0
1253,73
1254,71
1255,72
1256,70
1257,72
1258,74
1259,75
1260,75
1261,76
1262,76
1263,74
1264,76
1265,77
1266,79
1267,80
1268,81
1269,0
1270,82
1271,84
1272,82
1273,81
1274,80
1275,77
1276,74
1277,73
1278,70
1279,68
1280,70
1281,67
1282,68
1283,70
1284,72
1285,0
1286,75
1287,76
1288,77
1289,79
1290,78
1291,78
1292,79
1293,78
1294,77
1295,77
1296,78
1297,80
1298,80
1299,0
1300,0
1301,0
1302,0
1303,0
1304,0
1305,77
1306,77
1307,77
1308,79
1309,80
1310,80
1311,79
1312,80
1313,80
1314,81
1315,82
1316,81
1317,0
1318,81
1319,82
1320,82
1321,82
1322,83
1323,80
1324,82
1325,83
1326,84
1327,82
1328,80
1329,79
1330,79
1331,78
1332,80
1333,0
1334,79
1335,82
1336,82
1337,82
1338,83
1339,82
1340,81
1341,79
1342,77
1343,78
1344,77
1345,76
1346,77
1347,79
1348,0
1349,79
1350,82
1351,82
1352,81
1353,84
1354,83
1355,85
1356,84
1357,83
1358,82
1359,80
1360,79
1361,78
1362,76
1363,78
1364,78
1365,0
1366,0
1367,0
1368,0
1369,0
1370,0
1371,0
1372,0
1373,62
1374,61
1375,60
1376,61
1377,63
1378,66
1379,0
1380,67
1381,70
1382,69
1383,71
1384,72
1385,71
1386,69
1387,72
1388,73
1389,75
1390,75
1391,77
1392,80
1393,82
1394,81
1395,0
1396,79
1397,78
1398,78
1399,77
1400,74
1401,73
1402,70
1403,71
1404,74
1405,75
1406,74
1407,74
1408,76
1409,76
1410,79
1411,0
1412,80
1413,78
1414,75
1415,75
1416,74
1417,72
1418,70
1419,0
1420,0
1421,0
1422,0
1423,0
1424,0
1425,0
1426,0
1427,67
1428,69
1429,72
1430,74
1431,76
1432,77
1433,76
1434,74
1435,72
1436,73
1437,73
1438,71
1439,69
1440,69
1441,0
1442,72
1443,75
1444,72
1445,74
1446,73
1447,74
1448,76
1449,75
1450,74
1451,73
1452,72
1453,74
1454,76
1455,74
1456,72
1457,0
1458,75
1459,77
1460,78
1461,79
1462,77
1463,74
1464,74
1465,74
1466,72
1467,74
1468,74
1469,72
1470,71
1471,74
1472,75
1473,0
1474,76
1475,75
1476,78
1477,78
1478,79
1479,78
1480,75
1481,75
1482,72
1483,72
1484,74
1485,75
1486,77
1487,79
1488,80
1489,0
1490,80
1491,77
1492,76
1493,75
1494,77
1495,75
1496,73
1497,73
1498,76
1499,76
1500,77
1501,75
1502,73
1503,71
1504,72
1505,0
1506,73
1507,76
1508,76
1509,74
1510,76
1511,74
1512,76
1513,77
1514,79
1515,80
1516,80
1517,81
1518,82
1519,83
1520,81
1521,0
1522,78
1523,77
1524,75
1525,77
1526,77
1527,75
1528,74
1529,75
1530,73
1531,72
1532,71
1533,70
1534,68
1535,66
1536,68
1537,0
1538,69
1539,68
1540,66
1541,68
1542,67
1543,70
1544,70
1545,72
1546,74
1547,76
1548,76
1549,77
1550,74
1551,75
1552,0
1553,76
1554,75
1555,75
1556,74
1557,71
1558,74
1559,76
1560,76
1561,74
1562,74
1563,72
1564,74
1565,75
1566,77
1567,0
1568,79
1569,80
1570,81
1571,82
1572,85
1573,82
1574,80
1575,77
1576,76
1577,75
1578,74
1579,72
1580,74
1581,75
1582,74
1583,0
1584,73
1585,73
1586,74
1587,76
1588,76
1589,79
1590,79
1591,78
1592,76
1593,77
1594,75
1595,73
1596,72
1597,74
1598,0
1599,74
1600,76
1601,76
1602,78
1603,80
1604,79
1605,77
1606,77
1607,78
1608,80
1609,78
1610,76
1611,73
1612,71
1613,70
1614,0
1615,70
1616,71
1617,70
1618,68
1619,71
1620,74
1621,76
1622,78
1623,79
1624,82
1625,84
1626,84
1627,82
1628,80
1629,78
1630,0
1631,75
1632,74
1633,72
1634,71
1635,73
1636,71
1637,70
1638,68
1639,67
1640,66
1641,64
1642,61
1643,62
1644,64
1645,66
1646,0
1647,67
1648,70
1649,77
1650,78
1651,77
1652,79
1653,77
1654,75
1655,74
1656,72
1657,70
1658,70
1659,72
1660,73
1661,72
1662,0
1663,73
1664,72
1665,70
1666,70
1667,69
1668,66
1669,67
1670,68
1671,69
1672,70
1673,73
1674,72
1675,73
1676,76
1677,76
1678,0
1679,73
1680,70
1681,71
1682,74
1683,73
1684,75
1685,76
1686,78
1687,79
1688,82
1689,80
1690,78
1691,75
1692,72
1693,69
1694,0
1695,66
1696,64
1697,62
1698,64
1699,62
1700,63
1701,65
1702,67
1703,70
1704,71
1705,72
1706,74
1707,75
1708,73
1709,72
1710,0
1711,72
1712,73
1713,72
1714,70
1715,69
1716,67
1717,64
1718,63
1719,61
1720,60
1721,63
1722,62
1723,61
1724,61
1725,0
1726,63
1727,63
1728,62
1729,60
1730,59
1731,58
1732,59
1733,61
1734,61
1735,63
1736,65
1737,66
1738,65
1739,63
1740,0
1741,65
1742,66
1743,66
1744,63
1745,64
1746,65
1747,67
1748,69
1749,68
1750,65
1751,66
1752,67
1753,67
1754,65
1755,64
1756,0
1757,65
1758,62
1759,59
1760,58
1761,58
1762,59
1763,60
1764,62
1765,65
1766,67
1767,70
1768,73
1769,74
1770,76
1771,75
1772,0
1773,74
1774,74
1775,72
1776,74
1777,75
1778,76
1779,73
1780,70
1781,72
1782,72
1783,72
1784,74
1785,73
1786,70
1787,67
1788,0
1789,65
1790,66
1791,65
1792,64
1793,61
1794,60
1795,60
1796,59
1797,61
1798,62
1799,63
1800,64
1801,66
1802,67
1803,70
1804,0
1805,71
1806,74
1807,75
1808,77
1809,79
1810,76
1811,74
1812,72
1813,69
1814,66
1815,65
1816,63
1817,65
1818,63
1819,66
1820,0
1821,67
1822,68
1823,69
1824,72
1825,70
1826,70
1827,71
1828,72
1829,73
1830,74
1831,73
1832,71
1833,70
1834,68
1835,0
1836,66
1837,64
1838,63
1839,64
1840,65
1841,66
1842,68
1843,68
1844,66
1845,66
1846,63
1847,64
1848,65
1849,66
1850,63
1851,0
1852,65
1853,68
1854,69
1855,67
1856,66
1857,67
1858,68
1859,69
1860,70
1861,72
1862,72
1863,74
1864,71
1865,68
1866,66
1867,0
1868,65
1869,64
1870,62
1871,62
1872,63
1873,61
1874,62
1875,63
1876,63
1877,65
1878,66
1879,67
1880,64
1881,65
1882,68
1883,0
1884,69
1885,70
1886,70
1887,72
1888,73
1889,75
1890,78
1891,76
1892,75
1893,74
1894,71
1895,71
1896,71
1897,70
1898,68
1899,0
1900,69
1901,68
1902,66
1903,67
1904,69
1905,69
1906,67
1907,66
1908,65
1909,67
1910,66
1911,64
1912,65
1913,66
1914,65
1915,0
1916,63
1917,65
1918,67
1919,66
1920,68
1921,69
1922,71
1923,72
1924,69
1925,70
1926,71
1927,72
1928,71
1929,70
1930,69
1931,0
1932,67
1933,64
1934,63
1935,64
1936,64
1937,66
1938,65
1939,64
1940,63
1941,62
1942,60
1943,62
1944,62
1945,64
1946,66
1947,0
1948,69
1949,72
1950,74
1951,72
1952,70
1953,0
1954,0
1955,0
1956,0
1957,0
1958,64
1959,66
1960,0
1961,65
1962,65
1963,64
1964,65
1965,67
1966,66
1967,64
1968,63
1969,62
1970,62
1971,63
1972,64
1973,62
1974,60
1975,0
1976,60
1977,59
1978,58
1979,57
1980,57
1981,57
1982,58
1983,60
1984,62
1985,64
1986,65
1987,67
1988,68
1989,68
1990,67
1991,67
1992,0
1993,66
1994,64
1995,62
1996,60
1997,62
1998,62
1999,60
2000,60
2001,0
2002,0
2003,0
2004,0
2005,0
2006,0
2007,65
2008,65
2009,66
2010,66
2011,65
2012,64
2013,65
2014,65
2015,64
2016,66
2017,69
2018,69
2019,71
2020,71
2021,0
2022,68
2023,67
2024,65
2025,63
2026,60
2027,59
2028,58
2029,58
2030,60
2031,61
2032,64
2033,66
2034,68
2035,69
2036,67
2037,0
2038,67
2039,66
2040,67
2041,64
2042,61
2043,63
2044,63
2045,62
2046,63
2047,64
2048,66
2049,69
2050,69
2051,69
2052,67
2053,0
2054,66
2055,63
2056,61
2057,59
2058,59
2059,58
2060,57
2061,57
2062,59
2063,58
2064,58
2065,59
2066,60
2067,59
2068,59
2069,0
2070,59
2071,60
2072,57
2073,56
2074,58
2075,59
2076,62
2077,62
2078,64
2079,65
2080,67
2081,66
2082,68
2083,68
2084,67
2085,0
2086,66
2087,65
2088,67
2089,70
2090,72
2091,74
2092,71
2093,68
2094,67
2095,64
2096,63
2097,62
2098,65
2099,67
2100,69
2101,0
2102,72
2103,74
2104,76
2105,77
2106,80
2107,81
2108,79
2109,78
2110,76
2111,75
2112,74
2113,72
2114,69
2115,68
2116,69
2117,0
2118,69
2119,66
2120,63
2121,64
2122,63
2123,61
2124,58
2125,56
2126,56
2127,57
2128,55
2129,55
2130,54
2131,55
2132,55
2133,0
2134,58
2135,58
2136,59
2137,62
2138,64
2139,65
2140,68
2141,69
2142,69
2143,68
2144,66
2145,63
2146,61
2147,60
2148,59
2149,0
2150,61
2151,64
2152,66
2153,67
2154,68
2155,66
2156,64
2157,67
2158,65
2159,63
2160,62
2161,61
2162,61
2163,62
2164,63
2165,0
2166,65
2167,64
2168,65
2169,67
2170,68
2171,67
2172,65
2173,63
2174,62
2175,63
2176,63
2177,61
2178,59
2179,62
2180,63
2181,0
2182,62
2183,63
2184,61
2185,63
2186,65
2187,63
2188,62
2189,65
2190,66
2191,66
2192,67
2193,66
2194,65
2195,62
2196,0
2197,62
2198,60
2199,61
2200,60
2201,61
2202,63
2203,65
2204,64
2205,66
2206,68
2207,70
2208,72
2209,71
2210,69
2211,68
2212,67
2213,0
2214,65
2215,65
2216,63
2217,64
2218,63
2219,61
2220,59
2221,60
2222,60
2223,62
2224,65
2225,65
2226,68
2227,0
2228,68
2229,70
2230,68
2231,67
2232,68
2233,0
2234,0
2235,0
2236,0
2237,0
2238,76
2239,75
2240,0
2241,73
2242,71
2243,69
2244,70
2245,70
2246,68
2247,67
2248,69
2249,67
2250,65
2251,63
2252,61
2253,59
2254,61
2255,63
2256,0
2257,66
2258,69
2259,71
2260,74
2261,75
2262,77
2263,76
2264,74
2265,71
2266,0
2267,0
2268,0
2269,0
2270,0
2271,0
2272,0
2273,0
2274,67
2275,68
2276,69
2277,69
2278,0
2279,0
2280,0
2281,0
2282,0
2283,0
2284,0
2285,0
2286,78
2287,77
2288,0
2289,0
2290,0
2291,0
2292,0
2293,0
2294,0
2295,0
2296,0
2297,0
2298,0
2299,0
2300,0
2301,0
2302,0
2303,0
2304,0
2305,0
2306,0
2307,0
2308,0
2309,0
2310,0
2311,0
2312,0
2313,0
2314,0
2315,0
2316,0
2317,77
2318,77
2319,75
2320,0
2321,0
2322,0
2323,0
2324,0
2325,0
2326,0
2327,0
2328,0
2329,0
2330,0
2331,0
2332,0
2333,0
2334,0
2335,0
2336,0
2337,0
2338,0
2339,0
2340,0
2341,0
2342,0
2343,0
2344,0
2345,0
2346,0
2347,0
2348,0
2349,0
2350,0
2351,62
2352,0
2353,60
2354,0
2355,61
2356,0
2357,0
2358,0
2359,0
2360,0
2361,0
2362,0
2363,0
2364,0
2365,67
2366,0
2367,0
2368,72
2369,75
2370,0
2371,72
2372,0
2373,74
2374,0
2375,0
2376,0
2377,0
2378,0
2379,67
2380,68
2381,0
2382,0
2383,0
2384,0
2385,0
2386,0
2387,0
2388,0
2389,0
2390,0
2391,0
2392,0
2393,0
2394,0
2395,0
2396,0
2397,0
2398,0
2399,0
2400,0
2401,0
2402,0
2403,0
2404,0
2405,0
2406,0
2407,0
2408,0
2409,0
2410,0
2411,0
2412,0
2413,0
2414,0
2415,0
2416,0
2417,0
2418,0
2419,0
2420,0
2421,0
2422,0
2423,0
2424,0
2425,0
2426,0
2427,0
2428,0
2429,0
2430,0
2431,0
2432,0
2433,0
2434,0
2435,0
2436,0
2437,0
2438,0
2439,0
2440,0
2441,0
2442,0
2443,70
2444,67
2445,68
2446,66
2447,66
2448,63
2449,0
2450,61
2451,59
2452,61
2453,61
2454,60
2455,59
2456,62
2457,64
2458,67
2459,68
2460,69
2461,71
2462,72
2463,73
2464,71
2465,0
2466,69
2467,68
2468,70
2469,68
2470,69
2471,67
2472,68
2473,71
2474,74
2475,74
2476,72
2477,70
2478,73
2479,72
2480,0
2481,69
2482,68
2483,67
2484,70
2485,70
2486,68
2487,69
2488,71
2489,69
2490,66
2491,63
2492,64
2493,66
2494,67
2495,65
2496,0
2497,63
2498,64
2499,61
2500,61
2501,62
2502,65
2503,68
2504,70
2505,71
2506,73
2507,75
2508,74
2509,73
2510,73
2511,71
2512,0
2513,69
2514,70
2515,69
2516,68
2517,67
2518,65
2519,67
2520,67
2521,66
2522,66
2523,68
2524,67
2525,67
2526,66
2527,65
2528,0
2529,63
2530,62
2531,60
2532,61
2533,62
2534,64
2535,65
2536,66
2537,67
2538,65
2539,67
2540,65
2541,65
2542,63
2543,60
2544,0
2545,58
2546,56
2547,58
2548,59
2549,58
2550,61
2551,64
2552,66
2553,66
2554,68
2555,0
2556,0
2557,0
2558,0
2559,0
2560,0
2561,62
2562,62
2563,60
2564,59
2565,58
2566,57
2567,57
2568,60
2569,60
2570,59
2571,59
2572,59
2573,0
2574,0
2575,0
2576,0
2577,0
2578,0
2579,0
2580,0
2581,0
2582,79
2583,81
2584,79
2585,80
2586,82
2587,85
2588,0
2589,83
2590,81
2591,81
2592,79
2593,0
2594,82
2595,83
2596,0
2597,77
2598,76
2599,76
2600,75
2601,74
2602,72
2603,69
2604,0
2605,70
2606,70
2607,73
2608,0
2609,0
2610,0
2611,0
2612,0
2613,0
2614,95
2615,0
2616,0
2617,0
2618,0
2619,0
2620,83
2621,82
2622,81
2623,80
2624,83
2625,83
2626,0
2627,82
2628,0
2629,0
2630,0
2631,0
2632,0
2633,0
2634,0
2635,0
2636,0
2637,0
2638,0
2639,0
2640,0
2641,83
2642,82
2643,0
2644,0
2645,0
2646,0
2647,0
2648,0
2649,0
2650,0
2651,0
2652,0
2653,0
2654,76
2655,0
2656,82
2657,81
2658,0
2659,78
2660,78
2661,79
2662,81
2663,79
2664,0
2665,77
2666,0
2667,0
2668,0
2669,0
2670,0
2671,0
2672,0
2673,0
2674,0
2675,0
2676,0
2677,0
2678,0
2679,0
2680,0
2681,0
2682,0
2683,0
2684,0
2685,0
2686,0
2687,0
2688,0
2689,0
2690,0
2691,0
2692,0
2693,0
2694,0
2695,0
2696,0
2697,0
2698,0
2699,0
2700,0
2701,0
2702,0
2703,0
2704,0
2705,0
2706,0
2707,0
2708,0
2709,0
2710,0
2711,0
2712,0
2713,0
2714,0
2715,0
2716,0
2717,0
2718,0
2719,0
2720,0
2721,0
2722,0
2723,0
2724,0
2725,0
2726,0
2727,0
2728,0
2729,0
2730,0
2731,0
2732,0
2733,0
2734,0
2735,0
2736,0
2737,0
2738,0
2739,0
2740,0
2741,0
2742,0
2743,0
2744,0
2745,0
2746,0
2747,0
2748,0
2749,0
2750,0
2751,0
2752,0
2753,0
2754,0
2755,0
2756,0
2757,0
2758,0
2759,0
2760,0
2761,0
2762,0
2763,0
2764,0
2765,0
2766,0
2767,0
2768,73
2769,0
2770,72
2771,73
2772,75
2773,75
2774,74
2775,73
2776,74
2777,74
2778,74
2779,75
2780,76
2781,79
2782,81
2783,81
2784,81
2785,0
2786,79
2787,77
2788,76
2789,74
2790,72
2791,73
2792,75
2793,78
2794,79
2795,80
2796,83
2797,84
2798,84
2799,83
2800,80
2801,0
2802,79
2803,80
2804,81
2805,80
2806,80
2807,81
2808,81
2809,82
2810,82
2811,84
2812,85
2813,84
2814,86
2815,87
2816,86
2817,0
2818,85
2819,86
2820,88
2821,87
2822,85
2823,82
2824,0
2825,0
2826,0
2827,0
2828,0
2829,80
2830,0
2831,82
2832,84
2833,83
2834,82
2835,81
2836,81
2837,81
2838,80
2839,80
2840,80
2841,82
2842,81
2843,84
2844,86
2845,87
2846,0
2847,88
2848,89
2849,88
2850,0
2851,0
2852,0
2853,0
2854,0
2855,0
2856,0
2857,0
2858,0
2859,86
2860,88
2861,87
2862,87
2863,88
2864,89
2865,90
2866,90
2867,87
2868,88
2869,87
2870,87
2871,84
2872,0
2873,83
2874,83
2875,84
2876,0
2877,76
2878,0
2879,0
2880,82
2881,0
2882,84
2883,84
2884,0
2885,0
2886,0
2887,0
2888,0
2889,82
2890,83
2891,84
2892,86
2893,85
2894,84
2895,83
2896,83
2897,82
2898,82
2899,84
2900,86
2901,0
2902,86
2903,86
2904,86
2905,85
2906,84
2907,83
2908,83
2909,83
2910,82
2911,0
2912,0
2913,0
2914,0
2915,0
2916,0
2917,0
2918,0
2919,0
2920,85
2921,86
2922,84
2923,86
2924,87
2925,87
2926,0
2927,85
2928,87
2929,87
2930,90
2931,92
2932,91
2933,93
2934,92
2935,92
2936,92
2937,90
2938,90
2939,87
2940,85
2941,84
2942,0
2943,85
2944,86
2945,86
2946,87
2947,87
2948,86
2949,88
2950,87
2951,0
2952,0
2953,0
2954,0
2955,0
2956,0
2957,0
2958,0
2959,0
2960,90
2961,90
2962,90
2963,90
2964,90
2965,0
2966,0
2967,0
2968,0
2969,0
2970,90
2971,90
2972,88
2973,90
2974,89
2975,86
2976,84
2977,86
2978,86
2979,84
2980,84
2981,82
2982,84
2983,0
2984,85
2985,87
2986,87
2987,88
2988,86
2989,87
2990,89
2991,90
2992,91
2993,90
2994,91
2995,91
2996,90
2997,89
2998,88
2999,0
3000,86
3001,84
3002,82
3003,82
3004,83
3005,82
3006,84
3007,86
3008,84
3009,83
3010,84
3011,84
3012,85
3013,86
3014,87
3015,0
3016,87
3017,87
3018,89
3019,91
3020,0
3021,0
3022,0
3023,0
3024,83
3025,85
3026,85
3027,84
3028,83
3029,0
3030,85
3031,87
3032,87
3033,88
3034,88
3035,89
3036,90
3037,92
3038,91
3039,89
3040,89
3041,86
3042,85
3043,83
3044,82
3045,0
3046,83
3047,85
3048,85
3049,86
3050,85
3051,84
3052,83
3053,81
3054,81
3055,79
3056,77
3057,78
3058,80
3059,82
3060,85
3061,0
3062,87
3063,88
3064,0
3065,0
3066,0
3067,0
3068,84
3069,84
3070,85
3071,84
3072,83
3073,82
3074,0
3075,83
3076,84
3077,82
3078,82
3079,79
3080,78
3081,76
3082,79
3083,79
3084,78
3085,76
3086,79
3087,81
3088,83
3089,85
3090,0
3091,86
3092,88
3093,89
3094,87
3095,87
3096,86
3097,85
3098,82
3099,83
3100,81
3101,82
3102,84
3103,85
3104,87
3105,85
3106,0
3107,86
3108,87
3109,87
3110,85
3111,83
3112,82
3113,83
3114,83
3115,83
3116,84
3117,85
3118,86
3119,86
3120,87
3121,0
3122,89
3123,89
3124,90
3125,89
3126,88
3127,89
3128,88
3129,88
3130,0
3131,0
3132,0
3133,0
3134,88
3135,0
3136,88
3137,88
3138,86
3139,85
3140,85
3141,84
3142,82
3143,83
3144,82
3145,81
3146,84
3147,85
3148,86
3149,89
3150,0
3151,89
3152,88
3153,87
3154,84
3155,83
3156,84
3157,82
3158,82
3159,81
3160,83
3161,85
3162,86
3163,88
3164,87
3165,88
3166,0
3167,90
3168,89
3169,87
3170,0
3171,0
3172,0
3173,0
3174,88
3175,88
3176,86
3177,84
3178,83
3179,0
3180,84
3181,86
3182,85
3183,88
3184,89
3185,89
3186,88
3187,86
3188,83
3189,84
3190,83
3191,82
3192,82
3193,83
3194,84
3195,0
3196,85
3197,86
3198,86
3199,87
3200,86
3201,86
3202,84
3203,83
3204,82
3205,79
3206,78
3207,0
3208,0
3209,0
3210,0
3211,0
3212,75
3213,76
3214,79
3215,80
3216,0
3217,0
3218,0
3219,0
3220,80
3221,81
3222,0
3223,82
3224,85
3225,86
3226,85
3227,86
3228,88
3229,90
3230,91
3231,92
3232,92
3233,91
3234,90
3235,88
3236,88
3237,88
3238,0
3239,89
3240,88
3241,89
3242,91
3243,89
3244,89
3245,89
3246,88
3247,87
3248,85
3249,82
3250,80
3251,78
3252,76
3253,79
3254,0
3255,81
3256,83
3257,84
3258,86
3259,88
3260,88
3261,85
3262,85
3263,83
3264,84
3265,84
3266,84
3267,86
3268,87
3269,0
3270,88
3271,89
3272,89
3273,0
3274,0
3275,0
3276,0
3277,0
3278,0
3279,0
3280,0
3281,0
3282,0
3283,90
3284,88
3285,86
3286,88
3287,0
3288,0
3289,0
3290,0
3291,0
3292,86
3293,87
3294,0
3295,88
3296,89
3297,90
3298,91
3299,0
3300,0
3301,0
3302,0
3303,0
3304,0
3305,0
3306,0
3307,71
3308,0
3309,69
3310,0
3311,67
3312,66
3313,65
3314,62
3315,59
3316,58
3317,58
3318,59
3319,59
3320,60
3321,63
3322,0
3323,65
3324,68
3325,70
3326,72
3327,75
3328,73
3329,75
3330,76
3331,77
3332,80
3333,79
3334,81
3335,82
3336,82
3337,0
3338,80
3339,80
3340,78
3341,76
3342,73
3343,70
3344,68
3345,67
3346,65
3347,67
3348,68
3349,70
3350,71
3351,73
3352,0
3353,0
3354,0
3355,0
3356,0
3357,0
3358,0
3359,0
3360,0
3361,97
3362,95
3363,94
3364,93
3365,90
3366,87
3367,0
3368,84
3369,81
3370,80
3371,79
3372,77
3373,74
3374,72
3375,71
3376,73
3377,72
3378,70
3379,67
3380,65
3381,65
3382,64
3383,0
3384,66
3385,67
3386,64
3387,64
3388,62
3389,64
3390,65
3391,62
3392,61
3393,64
3394,65
3395,68
3396,71
3397,71
3398,73
3399,0
3400,72
3401,73
3402,75
3403,75
3404,72
3405,73
3406,74
3407,72
3408,69
3409,66
3410,63
3411,65
3412,66
3413,65
3414,63
3415,0
3416,65
3417,68
3418,70
3419,68
3420,70
3421,73
3422,74
3423,77
3424,80
3425,83
3426,84
3427,81
3428,80
3429,78
3430,77
3431,0
3432,74
3433,73
3434,72
3435,69
3436,66
3437,64
3438,64
3439,65
3440,67
3441,68
3442,71
3443,72
3444,74
3445,75
3446,77
3447,0
3448,78
3449,76
3450,78
3451,77
3452,76
3453,75
3454,73
3455,74
3456,76
3457,79
3458,78
3459,80
3460,79
3461,76
3462,78
3463,0
3464,77
3465,75
3466,74
3467,72
3468,0
3469,0
3470,0
3471,0
3472,0
3473,0
3474,84
3475,82
3476,0
3477,81
3478,83
3479,84
3480,83
3481,82
3482,81
3483,82
3484,84
3485,83
3486,82
3487,82
3488,80
3489,81
3490,78
3491,80
3492,0
3493,82
3494,80
3495,79
3496,78
3497,77
3498,78
3499,75
3500,73
3501,74
3502,77
3503,78
3504,79
3505,80
3506,83
3507,83
3508,0
3509,0
3510,0
3511,0
3512,0
3513,0
3514,60
3515,60
3516,0
3517,0
3518,0
3519,0
3520,0
3521,0
3522,0
3523,0
3524,82
3525,79
3526,82
3527,85
3528,88
3529,89
3530,91
3531,91
3532,92
3533,93
3534,0
3535,0
3536,0
3537,0
3538,0
3539,0
3540,0
3541,0
3542,0
3543,0
3544,0
3545,0
3546,0
3547,0
3548,87
3549,87
3550,88
3551,89
3552,86
3553,85
3554,84
3555,83
3556,81
3557,79
3558,78
3559,80
3560,81
3561,0
3562,83
3563,85
3564,87
3565,89
3566,90
3567,91
3568,93
3569,92
3570,91
3571,88
3572,85
3573,84
3574,0
3575,0
3576,0
3577,0
3578,0
3579,0
3580,0
3581,0
3582,89
3583,0
3584,86
3585,85
3586,87
3587,0
3588,0
3589,0
3590,0
3591,0
3592,86
3593,88
3594,89
3595,92
3596,94
3597,92
3598,92
3599,94
3600,93
3601,94
3602,0
3603,92
3604,0
3605,0
3606,0
3607,0
3608,92
3609,90
3610,0
3611,0
3612,0
3613,0
3614,0
3615,90
3616,89
3617,91
3618,90
3619,90
3620,92
3621,89
3622,0
3623,0
3624,0
3625,0
3626,0
3627,0
3628,0
3629,0
3630,0
3631,0
3632,0
3633,0
3634,0
3635,0
3636,71
3637,0
3638,70
3639,69
3640,70
3641,71
3642,72
3643,72
3644,71
3645,70
3646,69
3647,67
3648,69
3649,68
3650,68
3651,69
3652,67
3653,0
3654,68
3655,69
3656,71
3657,72
3658,74
3659,77
3660,75
3661,0
3662,0
3663,0
3664,0
3665,0
3666,0
3667,0
3668,85
3669,85
3670,82
3671,81
3672,79
3673,78
3674,76
3675,79
3676,81
3677,79
3678,80
3679,81
3680,79
3681,80
3682,0
3683,80
3684,82
3685,0
3686,81
3687,84
3688,0
3689,89
3690,90
3691,89
3692,87
3693,87
3694,85
3695,83
3696,82
3697,80
3698,0
3699,79
3700,79
3701,80
3702,80
3703,79
3704,76
3705,74
3706,72
3707,71
3708,69
3709,66
3710,65
3711,63
3712,61
3713,0
3714,60
3715,61
3716,63
3717,63
3718,61
3719,62
3720,64
3721,67
3722,0
3723,0
3724,0
3725,0
3726,0
3727,0
3728,0
3729,0
3730,67
3731,66
3732,0
3733,0
3734,0
3735,0
3736,0
3737,0
3738,0
3739,0
3740,0
3741,0
3742,63
3743,0
3744,0
3745,0
3746,0
3747,0
3748,0
3749,0
3750,0
3751,58
3752,58
3753,60
3754,62
3755,65
3756,64
3757,65
3758,65
3759,0
3760,0
3761,0
3762,0
3763,0
3764,0
3765,0
3766,59
3767,59
3768,60
3769,60
3770,0
3771,0
3772,0
3773,0
3774,0
3775,0
3776,73
3777,71
3778,69
3779,0
3780,68
3781,65
3782,66
3783,69
3784,72
3785,73
3786,74
3787,77
3788,78
3789,75
3790,72
3791,69
3792,69
3793,0
3794,0
3795,0
3796,0
3797,0
3798,0
3799,0
3800,0
3801,0
3802,63
3803,64
3804,65
3805,67
3806,0
3807,67
3808,69
3809,71
3810,71
3811,72
3812,73
3813,0
3814,0
3815,0
3816,0
3817,0
3818,0
3819,0
3820,0
3821,0
3822,77
3823,0
3824,0
3825,0
3826,0
3827,0
3828,0
3829,0
3830,0
3831,0
3832,0
3833,0
3834,0
3835,60
3836,0
3837,0
3838,0
3839,0
3840,0
3841,0
3842,0
3843,66
3844,65
3845,64
3846,61
3847,62
3848,61
3849,0
3850,0
3851,0
3852,0
3853,0
3854,0
3855,0
3856,74
3857,76
3858,78
3859,78
3860,77
3861,78
3862,76
3863,73
3864,73
3865,72
3866,0
3867,74
3868,76
3869,75
3870,72
3871,72
3872,70
3873,70
3874,68
3875,67
3876,67
3877,69
3878,66
3879,63
3880,65
3881,64
3882,0
3883,63
3884,62
3885,61
3886,60
3887,61
3888,60
3889,61
3890,61
3891,62
3892,59
3893,59
3894,58
3895,61
3896,61
3897,63
3898,0
3899,65
3900,68
3901,69
3902,71
3903,72
3904,75
3905,77
3906,79
3907,78
3908,76
3909,74
3910,72
3911,74
3912,73
3913,70
3914,0
3915,72
3916,72
3917,71
3918,70
3919,0
3920,0
3921,0
3922,0
3923,0
3924,0
3925,0
3926,0
3927,0
3928,0
3929,0
3930,74
3931,75
3932,76
3933,77
3934,78
3935,78
3936,79
3937,80
3938,77
3939,77
3940,76
3941,74
3942,73
3943,70
3944,0
3945,67
3946,65
3947,63
3948,62
3949,62
3950,64
3951,65
3952,67
3953,66
3954,63
3955,64
3956,63
3957,63
3958,62
3959,60
3960,0
3961,61
3962,62
3963,63
3964,61
3965,63
3966,62
3967,65
3968,64
3969,65
3970,66
3971,67
3972,66
3973,64
3974,61
3975,59
3976,0
3977,59
3978,58
3979,58
3980,57
3981,57
3982,58
3983,60
3984,61
3985,60
3986,61
3987,64
3988,0
3989,0
3990,0
3991,0
3992,0
3993,63
3994,61
3995,58
3996,57
3997,59
3998,60
3999,0
4000,0
4001,0
4002,0
4003,0
4004,0
4005,0
4006,0
4007,0
4008,0
4009,0
4010,59
4011,0
4012,56
4013,0
4014,0
4015,63
4016,0
4017,0
4018,0
4019,77
4020,0
4021,0
4022,0
4023,0
4024,0
4025,0
4026,57
4027,0
4028,57
4029,57
4030,57
4031,56
4032,57
4033,56
4034,56
4035,57
4036,58
4037,0
4038,0
4039,0
4040,0
4041,0
4042,0
4043,0
4044,0
4045,0
4046,0
4047,0
4048,63
4049,65
4050,0
4051,0
4052,0
4053,0
4054,0
4055,0
4056,0
4057,0
4058,0
4059,0
4060,0
4061,0
4062,0
4063,59
4064,61
4065,60
4066,61
4067,0
4068,0
4069,0
4070,0
4071,0
4072,0
4073,0
4074,0
4075,0
4076,56
4077,0
4078,0
4079,0
4080,0
4081,0
4082,0
4083,0
4084,0
4085,0
4086,0
4087,0
4088,0
4089,0
4090,0
4091,0
4092,0
4093,0
4094,0
4095,0
4096,0
4097,56
4098,56
4099,56
4100,56
4101,59
4102,0
4103,0
4104,0
4105,0
4106,0
4107,0
4108,0
4109,0
4110,0
4111,0
4112,0
4113,0
4114,0
4115,0
4116,0
4117,64
4118,63
4119,61
4120,60
4121,59
4122,57
4123,59
4124,59
4125,0
4126,0
4127,0
4128,0
4129,0
4130,0
4131,0
4132,0
4133,60
4134,0
4135,61
4136,59
4137,58
4138,56
4139,0
4140,0
4141,57
4142,0
4143,0
4144,0
4145,70
4146,0
4147,0
4148,0
4149,0
4150,65
4151,66
4152,0
4153,64
4154,65
4155,65
4156,64
4157,62
4158,61
4159,63
4160,65
4161,63
4162,62
4163,59
4164,57
4165,56
4166,55
4167,54
4168,0
4169,54
4170,54
4171,0
4172,0
4173,0
4174,0
4175,58
4176,0
4177,56
4178,57
4179,58
4180,0
4181,57
4182,57
4183,59
4184,57
4185,58
4186,59
4187,56
4188,59
4189,61
4190,58
4191,57
4192,55
4193,55
4194,58
4195,56
4196,0
4197,57
4198,58
4199,59
4200,0
4201,63
4202,62
4203,62
4204,63
4205,64
4206,65
4207,62
4208,59
4209,61
4210,61
4211,59
4212,0
4213,60
4214,60
4215,61
4216,62
4217,60
4218,59
4219,60
4220,60
4221,61
4222,59
4223,59
4224,59
4225,57
4226,55
4227,0
4228,55
4229,56
4230,57
4231,59
4232,57
4233,58
4234,56
4235,58
4236,59
4237,58
4238,60
4239,58
4240,60
4241,63
4242,64
4243,64
4244,0
4245,64
4246,61
4247,62
4248,63
4249,65
4250,64
4251,64
4252,62
4253,60
4254,59
4255,60
4256,57
4257,55
4258,54
4259,0
4260,54
4261,56
4262,55
4263,55
4264,55
4265,55
4266,57
4267,55
4268,57
4269,56
4270,57
4271,58
4272,60
4273,63
4274,65
4275,0
4276,68
4277,71
4278,71
4279,72
4280,70
4281,70
4282,0
4283,0
4284,64
4285,0
4286,59
4287,58
4288,60
4289,0
4290,60
4291,61
4292,60
4293,62
4294,62
4295,0
4296,0
4297,0
4298,0
4299,57
4300,54
4301,53
4302,0
4303,53
4304,55
4305,56
4306,59
4307,61
4308,59
4309,58
4310,60
4311,60
4312,58
4313,57
4314,59
4315,60
4316,61
4317,0
4318,62
4319,61
4320,63
4321,64
4322,61
4323,64
4324,66
4325,65
4326,64
4327,63
4328,64
4329,63
4330,61
4331,63
4332,61
4333,0
4334,0
4335,60
4336,58
4337,57
4338,55
4339,53
4340,53
4341,0
4342,0
4343,0
4344,0
4345,52
4346,0
4347,53
4348,53
4349,54
4350,55
4351,56
4352,57
4353,58
4354,0
4355,62
4356,61
4357,0
4358,0
4359,0
4360,69
4361,0
4362,0
4363,65
4364,0
4365,0
4366,55
4367,0
4368,57
4369,58
4370,57
4371,58
4372,55
4373,57
4374,56
4375,56
4376,57
4377,0
4378,58
4379,60
4380,63
4381,62
4382,61
4383,60
4384,58
4385,59
4386,58
4387,60
4388,63
4389,65
4390,65
4391,62
4392,0
4393,64
4394,63
4395,62
4396,61
4397,62
4398,63
4399,65
4400,65
4401,63
4402,61
4403,61
4404,60
4405,57
4406,58
4407,0
4408,58
4409,61
4410,60
4411,61
4412,59
4413,0
4414,0
4415,64
4416,0
4417,0
4418,72
4419,74
4420,73
4421,71
4422,71
4423,69
4424,0
4425,69
4426,67
4427,66
4428,63
4429,63
4430,66
4431,63
4432,62
4433,59
4434,60
4435,62
4436,63
4437,63
4438,65
4439,67
4440,0
4441,67
4442,65
4443,63
4444,61
4445,61
4446,59
4447,56
4448,57
4449,60
4450,62
4451,63
4452,65
4453,63
4454,61
4455,59
4456,0
4457,57
4458,56
4459,58
4460,61
4461,62
4462,63
4463,65
4464,67
4465,66
4466,63
4467,64
4468,67
4469,69
4470,67
4471,70
4472,0
4473,71
4474,0
4475,65
4476,67
4477,66
4478,64
4479,63
4480,66
4481,67
4482,68
4483,71
4484,74
4485,75
4486,73
4487,72
4488,0
4489,70
4490,69
4491,68
4492,67
4493,64
4494,62
4495,60
4496,63
4497,63
4498,63
4499,64
4500,64
4501,65
4502,66
4503,63
4504,0
4505,64
4506,62
4507,60
4508,62
4509,64
4510,65
4511,68
4512,68
4513,70
4514,69
4515,66
4516,64
4517,63
4518,65
4519,0
4520,66
4521,69
4522,71
4523,73
4524,75
4525,78
4526,76
4527,74
4528,71
4529,73
4530,72
4531,72
4532,70
4533,68
4534,66
4535,0
4536,64
4537,62
4538,61
4539,58
4540,58
4541,60
4542,59
4543,58
4544,57
4545,60
4546,62
4547,63
4548,64
4549,65
4550,68
4551,0
4552,70
4553,71
4554,74
4555,73
4556,71
4557,72
4558,70
4559,67
4560,65
4561,67
4562,66
4563,68
4564,67
4565,65
4566,63
4567,0
4568,61
4569,61
4570,62
4571,65
4572,66
4573,65
4574,66
4575,69
4576,71
4577,71
4578,74
4579,0
4580,0
4581,0
4582,0
4583,0
4584,64
4585,64
4586,0
4587,0
4588,0
4589,0
4590,65
4591,63
4592,65
4593,0
4594,0
4595,0
4596,0
4597,0
4598,71
4599,73
4600,75
4601,74
4602,75
4603,76
4604,76
4605,76
4606,74
4607,0
4608,73
4609,70
4610,68
4611,66
4612,66
4613,64
4614,63
4615,62
4616,62
4617,59
4618,57
4619,56
4620,55
4621,57
4622,58
4623,0
4624,59
4625,61
4626,64
4627,0
4628,0
4629,0
4630,64
4631,0
4632,66
4633,63
4634,61
4635,60
4636,59
4637,0
4638,0
4639,0
4640,0
4641,0
4642,60
4643,61
4644,64
4645,66
4646,69
4647,72
4648,74
4649,74
4650,72
4651,0
4652,70
4653,67
4654,64
4655,63
4656,65
4657,68
4658,71
4659,73
4660,70
4661,72
4662,74
4663,76
4664,74
4665,72
4666,71
4667,0
4668,69
4669,67
4670,69
4671,68
4672,69
4673,70
4674,72
4675,72
4676,71
4677,68
4678,67
4679,66
4680,66
4681,64
4682,63
4683,0
4684,65
4685,65
4686,63
4687,62
4688,64
4689,66
4690,64
4691,62
4692,62
4693,61
4694,64
4695,61
4696,62
4697,65
4698,0
4699,67
4700,68
4701,69
4702,70
4703,71
4704,68
4705,66
4706,68
4707,67
4708,66
4709,63
4710,61
4711,64
4712,67
4713,66
4714,0
4715,68
4716,69
4717,72
4718,74
4719,76
4720,75
4721,73
4722,71
4723,70
4724,72
4725,70
4726,68
4727,65
4728,65
4729,67
4730,0
4731,68
4732,70
4733,73
4734,70
4735,71
4736,71
4737,69
4738,67
4739,64
4740,62
4741,63
4742,65
4743,63
4744,64
4745,0
4746,64
4747,65
4748,68
4749,69
4750,69
4751,71
4752,72
4753,0
4754,74
4755,73
4756,71
4757,69
4758,69
4759,71
4760,68
4761,65
4762,0
4763,64
4764,64
4765,0
4766,0
4767,0
4768,0
4769,0
4770,0
4771,0
4772,0
4773,82
4774,85
4775,0
4776,85
4777,85
4778,0
4779,0
4780,0
4781,0
4782,72
4783,0
4784,0
4785,0
4786,0
4787,0
4788,0
4789,0
4790,0
4791,83
4792,84
4793,85
4794,0
4795,71
4796,0
4797,0
4798,0
4799,0
4800,0
4801,0
4802,0
4803,65
4804,67
4805,68
4806,68
4807,68
4808,71
4809,72
4810,0
4811,0
4812,0
4813,0
4814,0
4815,0
4816,0
4817,0
4818,0
4819,0
4820,81
4821,80
4822,82
4823,0
4824,82
4825,84
4826,85
4827,85
4828,0
4829,0
4830,0
4831,0
4832,69
4833,70
4834,71
4835,0
4836,0
4837,0
4838,0
4839,0
4840,0
4841,0
4842,0
4843,0
4844,0
4845,0
4846,0
4847,0
4848,0
4849,0
4850,71
4851,0
4852,70
4853,73
4854,71
4855,73
4856,74
4857,73
4858,72
4859,75
4860,73
4861,0
4862,70
4863,69
4864,66
4865,64
4866,64
4867,66
4868,65
4869,67
4870,69
4871,71
4872,69
4873,70
4874,72
4875,70
4876,69
4877,0
4878,67
4879,66
4880,67
4881,67
4882,66
4883,65
4884,68
4885,67
4886,0
4887,0
4888,0
4889,0
4890,0
4891,0
4892,0
4893,0
4894,0
4895,0
4896,64
4897,64
4898,61
4899,59
4900,57
4901,57
4902,60
4903,59
4904,0
4905,60
4906,62
4907,63
4908,65
4909,67
4910,67
4911,68
4912,68
4913,69
4914,68
4915,66
4916,69
4917,70
4918,67
4919,65
4920,0
4921,62
4922,63
4923,63
4924,62
4925,59
4926,60
4927,60
4928,60
4929,62
4930,65
4931,68
4932,70
4933,72
4934,73
4935,0
4936,75
4937,74
4938,73
4939,71
4940,69
4941,67
4942,65
4943,63
4944,64
4945,66
4946,64
4947,63
4948,61
4949,60
4950,61
4951,0
4952,64
4953,63
4954,60
4955,61
4956,62
4957,64
4958,65
4959,66
4960,68
4961,69
4962,71
4963,72
4964,73
4965,76
4966,74
4967,0
4968,73
4969,71
4970,70
4971,72
4972,75
4973,74
4974,74
4975,76
4976,77
4977,79
4978,79
4979,78
4980,77
4981,74
4982,76
4983,0
4984,75
4985,73
4986,75
4987,76
4988,75
4989,77
4990,79
4991,81
4992,80
4993,77
4994,77
4995,78
4996,75
4997,75
4998,74
4999,0
5000,74
5001,74
5002,75
5003,75
5004,77
5005,78
5006,80
5007,79
5008,81
5009,82
5010,80
5011,81
5012,80
5013,78
5014,0
5015,76
5016,75
5017,73
5018,72
5019,70
5020,69
5021,70
5022,72
5023,73
5024,76
5025,76
5026,75
5027,75
5028,77
5029,76
5030,0
5031,75
5032,72
5033,71
5034,69
5035,70
5036,68
5037,68
5038,0
5039,0
5040,0
5041,0
5042,0
5043,0
5044,0
5045,0
5046,0
5047,0
5048,0
5049,0
5050,0
5051,0
5052,0
5053,0
5054,0
5055,0
5056,0
5057,0
5058,0
5059,0
5060,0
5061,0
5062,0
5063,0
5064,0
5065,0
5066,0
5067,0
5068,0
5069,0
5070,0
5071,0
5072,75
5073,75
5074,78
5075,78
5076,80
5077,80
5078,79
5079,76
5080,75
5081,0
5082,77
5083,0
5084,0
5085,0
5086,0
5087,69
5088,68
5089,65
5090,67
5091,69
5092,69
5093,69
5094,0
5095,70
5096,0
5097,72
5098,0
5099,0
5100,0
5101,0
5102,0
5103,0
5104,70
5105,68
5106,0
5107,0
5108,0
5109,0
5110,0
5111,69
5112,71
5113,72
5114,75
5115,77
5116,77
5117,75
5118,75
5119,0
5120,0
5121,0
5122,0
5123,0
5124,0
5125,0
5126,0
5127,0
5128,0
5129,0
5130,0
5131,0
5132,0
5133,0
5134,0
5135,70
5136,0
5137,0
5138,0
5139,0
5140,0
5141,0
5142,0
5143,83
5144,81
5145,0
5146,81
5147,78
5148,76
5149,75
5150,73
5151,0
5152,0
5153,0
5154,0
5155,0
5156,0
5157,0
5158,0
5159,0
5160,0
5161,0
5162,0
5163,0
5164,84
5165,0
5166,0
5167,77
5168,79
5169,0
5170,79
5171,82
5172,0
5173,0
5174,0
5175,0
5176,73
5177,75
5178,77
5179,79
5180,81
5181,84
5182,86
5183,0
5184,89
5185,90
5186,0
5187,0
5188,0
5189,0
5190,0
5191,0
5192,0
5193,0
5194,0
5195,84
5196,82
5197,80
5198,0
5199,0
5200,0
5201,0
5202,0
5203,0
5204,0
5205,0
5206,0
5207,0
5208,0
5209,0
5210,0
5211,0
5212,0
5213,0
5214,0
5215,0
5216,0
5217,0
5218,0
5219,0
5220,0
5221,0
5222,0
5223,0
5224,0
5225,0
5226,0
5227,0
5228,0
5229,0
5230,0
5231,69
5232,70
5233,70
5234,72
5235,71
5236,72
5237,0
5238,71
5239,70
5240,69
5241,71
5242,72
5243,70
5244,70
5245,72
5246,71
5247,71
5248,0
5249,0
5250,0
5251,0
5252,0
5253,0
5254,0
5255,67
5256,69
5257,67
5258,66
5259,64
5260,66
5261,68
5262,70
5263,68
5264,69
5265,70
5266,71
5267,0
5268,72
5269,73
5270,74
5271,77
5272,75
5273,73
5274,73
5275,74
5276,72
5277,75
5278,74
5279,75
5280,77
5281,79
5282,0
5283,79
5284,78
5285,80
5286,79
5287,79
5288,77
5289,75
5290,74
5291,72
5292,69
5293,69
5294,68
5295,66
5296,64
5297,62
5298,0
5299,62
5300,63
5301,64
5302,66
5303,69
5304,71
5305,72
5306,74
5307,76
5308,79
5309,80
5310,79
5311,78
5312,76
5313,74
5314,75
5315,0
5316,75
5317,72
5318,75
5319,77
5320,77
5321,80
5322,77
5323,75
5324,76
5325,74
5326,72
5327,73
5328,71
5329,70
5330,68
5331,0
5332,70
5333,69
5334,72
5335,70
5336,72
5337,75
5338,73
5339,70
5340,69
5341,71
5342,70
5343,68
5344,69
5345,71
5346,73
5347,0
5348,75
5349,73
5350,71
5351,74
5352,74
5353,73
5354,72
5355,71
5356,69
5357,67
5358,67
5359,68
5360,70
5361,70
5362,71
5363,0
5364,72
5365,73
5366,75
5367,76
5368,75
5369,73
5370,75
5371,75
5372,72
5373,70
5374,69
5375,72
5376,70
5377,69
5378,0
5379,70
5380,72
5381,73
5382,75
5383,77
5384,78
5385,81
5386,83
5387,81
5388,82
5389,80
5390,78
5391,78
5392,76
5393,0
5394,76
5395,0
5396,75
5397,0
5398,0
5399,0
5400,0
5401,77
5402,78
5403,79
5404,81
5405,80
5406,77
5407,74
5408,0
5409,71
5410,69
5411,68
5412,67
5413,66
5414,66
5415,67
5416,65
5417,64
5418,65
5419,65
5420,0
5421,0
5422,0
5423,0
5424,0
5425,0
5426,0
5427,0
5428,80
5429,82
5430,83
5431,84
5432,85
5433,86
5434,88
5435,90
5436,91
5437,0
5438,92
5439,90
5440,87
5441,86
5442,85
5443,83
5444,82
5445,84
5446,85
5447,87
5448,88
5449,88
5450,89
5451,91
5452,89
5453,0
5454,87
5455,86
5456,85
5457,86
5458,86
5459,88
5460,91
5461,90
5462,91
5463,90
5464,87
5465,86
5466,85
5467,84
5468,0
5469,84
5470,85
5471,86
5472,87
5473,90
5474,91
5475,89
5476,88
5477,86
5478,83
5479,81
5480,83
5481,0
5482,0
5483,0
5484,0
5485,0
5486,0
5487,0
5488,88
5489,88
5490,89
5491,88
5492,89
5493,92
5494,93
5495,96
5496,97
5497,94
5498,0
5499,93
5500,91
5501,90
5502,88
5503,86
5504,84
5505,83
5506,85
5507,87
5508,88
5509,87
5510,86
5511,87
5512,89
5513,88
5514,0
5515,86
5516,87
5517,86
5518,88
5519,0
5520,0
5521,0
5522,0
5523,0
5524,0
5525,0
5526,0
5527,0
5528,89
5529,89
5530,89
5531,91
5532,91
5533,89
5534,90
5535,93
5536,94
5537,96
5538,97
5539,96
5540,95
5541,96
5542,94
5543,0
5544,92
5545,90
5546,88
5547,86
5548,86
5549,87
5550,86
5551,87
5552,90
5553,91
5554,93
5555,93
5556,94
5557,96
5558,0
5559,95
5560,96
5561,98
5562,97
5563,97
5564,95
5565,94
5566,93
5567,91
5568,89
5569,87
5570,84
5571,84
5572,86
5573,86
5574,0
5575,89
5576,90
5577,91
5578,93
5579,95
5580,93
5581,92
5582,91
5583,89
5584,91
5585,90
5586,90
5587,91
5588,90
5589,0
5590,0
5591,0
5592,0
5593,0
5594,90
5595,87
5596,85
5597,82
5598,81
5599,80
5600,78
5601,75
5602,76
5603,77
5604,0
5605,78
5606,80
5607,81
5608,84
5609,85
5610,87
5611,89
5612,92
5613,91
5614,89
5615,88
5616,86
5617,87
5618,88
5619,87
5620,0
5621,88
5622,91
5623,91
5624,92
5625,92
5626,90
5627,89
5628,87
5629,90
5630,92
5631,89
5632,88
5633,86
5634,0
5635,86
5636,89
5637,90
5638,90
5639,89
5640,90
5641,89
5642,91
5643,89
5644,90
5645,88
5646,88
5647,86
5648,88
5649,88
5650,87
5651,0
5652,87
5653,87
5654,85
5655,83
5656,84
5657,85
5658,87
5659,87
5660,89
5661,87
5662,89
5663,87
5664,84
5665,83
5666,83
5667,0
5668,82
5669,80
5670,78
5671,81
5672,84
5673,85
5674,86
5675,89
5676,91
5677,94
5678,93
5679,92
5680,90
5681,90
5682,89
5683,0
5684,88
5685,85
5686,84
5687,87
5688,89
5689,0
5690,95
5691,96
5692,98
5693,96
5694,95
5695,94
5696,92
5697,91
5698,89
5699,0
5700,86
5701,83
5702,82
5703,80
5704,79
5705,77
5706,74
5707,76
5708,75
5709,74
5710,75
5711,73
5712,75
5713,76
5714,79
5715,0
5716,82
5717,84
5718,83
5719,86
5720,86
5721,88
5722,87
5723,88
5724,89
5725,89
5726,88
5727,87
5728,86
5729,85
5730,0
5731,84
5732,83
5733,81
5734,79
5735,78
5736,81
5737,82
5738,84
5739,86
5740,88
5741,89
5742,92
5743,94
5744,96
5745,97
5746,0
5747,95
5748,93
5749,92
5750,89
5751,88
5752,89
5753,87
5754,86
5755,84
5756,84
5757,85
5758,87
5759,86
5760,85
5761,88
5762,0
5763,90
5764,91
5765,93
5766,92
5767,89
5768,91
5769,93
5770,91
5771,88
5772,86
5773,83
5774,82
5775,84
5776,82
5777,80
5778,0
5779,81
5780,79
5781,76
5782,75
5783,72
5784,69
5785,68
5786,70
5787,71
5788,73
5789,75
5790,77
5791,80
5792,83
5793,85
5794,0
5795,88
5796,89
5797,92
5798,92
5799,91
5800,89
5801,92
5802,91
5803,94
5804,91
5805,93
5806,94
5807,93
5808,93
5809,0
5810,0
5811,0
5812,0
5813,0
5814,0
5815,0
5816,0
5817,0
5818,0
5819,0
5820,0
5821,0
5822,0
5823,0
5824,0
5825,0
5826,0
5827,0
5828,0
5829,0
5830,0
5831,0
5832,0
5833,0
5834,0
5835,0
5836,0
5837,0
5838,0
5839,0
5840,0
5841,0
5842,0
5843,0
5844,0
5845,0
5846,77
5847,78
5848,78
5849,79
5850,81
5851,83
5852,0
5853,0
5854,0
5855,0
5856,0
5857,78
5858,77
5859,80
5860,78
5861,78
5862,80
5863,79
5864,77
5865,75
5866,74
5867,72
5868,74
5869,71
5870,70
5871,0
5872,0
5873,0
5874,0
5875,0
5876,0
5877,0
5878,0
5879,0
5880,0
5881,73
5882,75
5883,76
5884,0
5885,77
5886,79
5887,81
5888,84
5889,85
5890,88
5891,91
5892,93
5893,0
5894,0
5895,95
5896,97
5897,97
5898,0
5899,0
5900,0
5901,0
5902,0
5903,0
5904,0
5905,0
5906,0
5907,0
5908,0
5909,0
5910,104
5911,0
5912,102
5913,100
5914,97
5915,96
5916,93
5917,91
5918,90
5919,87
5920,85
5921,83
5922,84
5923,87
5924,87
5925,84
5926,85
5927,0
5928,83
5929,85
5930,88
5931,88
5932,88
5933,90
5934,87
5935,88
5936,91
5937,0
5938,0
5939,0
5940,0
5941,0
5942,87
5943,84
5944,82
5945,84
5946,86
5947,84
5948,82
5949,81
5950,78
5951,75
5952,72
5953,71
5954,72
5955,74
5956,0
5957,75
5958,74
5959,77
5960,77
5961,0
5962,0
5963,0
5964,0
5965,0
5966,0
5967,0
5968,0
5969,0
5970,93
5971,95
5972,97
5973,95
5974,92
5975,89
5976,88
5977,85
5978,84
5979,81
5980,0
5981,0
5982,0
5983,0
5984,0
5985,0
5986,0
5987,75
5988,76
5989,75
5990,73
5991,71
5992,70
5993,68
5994,66
5995,69
5996,72
5997,75
5998,0
5999,75
6000,76
6001,77
6002,78
6003,77
6004,76
6005,74
6006,72
6007,73
6008,75
6009,75
6010,75
6011,75
6012,0
6013,0
6014,0
6015,0
6016,0
6017,0
6018,0
6019,0
6020,0
6021,75
6022,76
6023,77
6024,80
6025,81
6026,81
6027,81
6028,0
6029,80
6030,79
6031,78
6032,78
6033,79
6034,77
6035,75
6036,76
6037,74
6038,76
6039,77
6040,77
6041,77
6042,77
6043,0
6044,77
6045,76
6046,77
6047,79
6048,80
6049,80
6050,78
6051,78
6052,0
6053,0
6054,0
6055,0
6056,0
6057,0
6058,86
6059,85
6060,84
6061,83
6062,82
6063,81
6064,79
6065,79
6066,80
6067,80
6068,79
6069,78
6070,79
6071,80
6072,0
6073,79
6074,80
6075,82
6076,82
6077,85
6078,85
6079,83
6080,83
6081,82
6082,81
6083,80
6084,78
6085,77
6086,76
6087,75
6088,77
6089,78
6090,0
6091,78
6092,79
6093,78
6094,80
6095,81
6096,82
6097,84
6098,82
6099,84
6100,84
6101,82
6102,84
6103,83
6104,80
6105,0
6106,80
6107,77
6108,80
6109,81
6110,79
6111,79
6112,81
6113,83
6114,84
6115,85
6116,86
6117,88
6118,87
6119,85
6120,83
6121,0
6122,82
6123,80
6124,77
6125,76
6126,77
6127,77
6128,76
6129,77
6130,78
6131,78
6132,78
6133,80
6134,79
6135,78
6136,80
6137,0
6138,79
6139,80
6140,80
6141,79
6142,77
6143,74
6144,72
6145,75
6146,76
6147,79
6148,81
6149,82
6150,82
6151,82
6152,81
6153,0
6154,80
6155,80
6156,77
6157,78
6158,77
6159,78
6160,81
6161,83
6162,85
6163,85
6164,83
6165,83
6166,81
6167,81
6168,81
6169,0
6170,80
6171,80
6172,82
6173,83
6174,84
6175,84
6176,84
6177,84
6178,84
6179,83
6180,83
6181,82
6182,82
6183,83
6184,85
6185,0
6186,86
6187,88
6188,89
6189,90
6190,88
6191,87
6192,87
6193,85
6194,0
6195,0
6196,0
6197,0
6198,86
6199,0
6200,88
6201,86
6202,85
6203,83
6204,81
6205,80
6206,80
6207,0
6208,0
6209,0
6210,0
6211,0
6212,0
6213,0
6214,0
6215,82
6216,82
6217,80
6218,82
6219,80
6220,0
6221,86
6222,86
6223,88
6224,90
6225,88
6226,89
6227,88
6228,85
6229,0
6230,84
6231,85
6232,84
6233,82
6234,81
6235,80
6236,81
6237,83
6238,81
6239,0
6240,0
6241,78
6242,0
6243,0
6244,0
6245,0
6246,0
6247,0
6248,68
6249,70
6250,0
6251,70
6252,69
6253,70
6254,69
6255,66
6256,65
6257,0
6258,0
6259,0
6260,0
6261,60
6262,61
6263,61
6264,0
6265,0
6266,0
6267,0
6268,0
6269,0
6270,0
6271,75
6272,0
6273,71
6274,72
6275,71
6276,69
6277,69
6278,68
6279,0
6280,65
6281,63
6282,64
6283,63
6284,64
6285,67
6286,68
6287,70
6288,71
6289,72
6290,75
6291,74
6292,72
6293,69
6294,71
6295,0
6296,74
6297,75
6298,0
6299,90
6300,91
6301,90
6302,87
6303,85
6304,83
6305,81
6306,79
6307,78
6308,75
6309,72
6310,71
6311,0
6312,69
6313,67
6314,68
6315,66
6316,66
6317,67
6318,68
6319,69
6320,71
6321,72
6322,73
6323,75
6324,74
6325,76
6326,75
6327,0
6328,72
6329,75
6330,76
6331,76
6332,78
6333,78
6334,76
6335,77
6336,75
6337,73
6338,73
6339,74
6340,73
6341,75
6342,73
6343,0
6344,73
6345,74
6346,72
6347,71
6348,74
6349,76
6350,77
6351,79
6352,79
6353,81
6354,0
6355,0
6356,0
6357,0
6358,0
6359,71
6360,70
6361,67
6362,67
6363,69
6364,72
6365,73
6366,74
6367,76
6368,77
6369,76
6370,74
6371,0
6372,0
6373,0
6374,0
6375,0
6376,61
6377,0
6378,0
6379,0
6380,0
6381,80
6382,0
6383,80
6384,79
6385,78
6386,75
6387,73
6388,76
6389,73
6390,70
6391,72
6392,75
6393,78
6394,80
6395,77
6396,80
6397,78
6398,0
6399,76
6400,74
6401,71
6402,70
6403,68
6404,67
6405,64
6406,63
6407,0
6408,0
6409,0
6410,0
6411,90
6412,0
6413,89
6414,86
6415,85
6416,0
6417,0
6418,0
6419,0
6420,0
6421,0
6422,0
6423,80
6424,82
6425,0
6426,82
6427,81
6428,78
6429,76
6430,75
6431,74
6432,73
6433,72
6434,70
6435,67
6436,64
6437,65
6438,68
6439,70
6440,70
6441,0
6442,72
6443,69
6444,67
6445,0
6446,0
6447,0
6448,0
6449,0
6450,0
6451,0
6452,0
6453,78
6454,0
6455,0
6456,0
6457,0
6458,0
6459,0
6460,0
6461,0
6462,64
6463,66
6464,66
6465,0
6466,69
6467,70
6468,72
6469,71
6470,73
6471,74
6472,76
6473,74
6474,72
6475,73
6476,76
6477,78
6478,75
6479,74
6480,71
6481,0
6482,72
6483,71
6484,69
6485,68
6486,65
6487,64
6488,65
6489,65
6490,66
6491,69
6492,70
6493,72
6494,74
6495,77
6496,79
6497,0
6498,78
6499,76
6500,74
6501,71
6502,68
6503,65
6504,63
6505,63
6506,64
6507,67
6508,65
6509,67
6510,69
6511,72
6512,70
6513,0
6514,67
6515,69
6516,72
6517,73
6518,75
6519,78
6520,77
6521,75
6522,72
6523,70
6524,68
6525,66
6526,67
6527,68
6528,69
6529,0
6530,71
6531,69
6532,72
6533,74
6534,72
6535,70
6536,68
6537,65
6538,66
6539,68
6540,69
6541,69
6542,72
6543,73
6544,74
6545,0
6546,76
6547,78
6548,78
6549,77
6550,75
6551,75
6552,76
6553,74
6554,75
6555,78
6556,80
6557,79
6558,78
6559,75
6560,74
6561,0
6562,73
6563,76
6564,77
6565,80
6566,83
6567,85
6568,86
6569,87
6570,86
6571,83
6572,80
6573,82
6574,80
6575,79
6576,80
6577,0
6578,83
6579,86
6580,89
6581,86
6582,88
6583,89
6584,91
6585,90
6586,89
6587,86
6588,83
6589,82
6590,81
6591,80
6592,77
6593,0
6594,76
6595,73
6596,72
6597,70
6598,68
6599,67
6600,66
6601,68
6602,70
6603,71
6604,73
6605,76
6606,78
6607,77
6608,80
6609,0
6610,81
6611,80
6612,82
6613,82
6614,0
6615,0
6616,0
6617,0
6618,0
6619,0
6620,0
6621,0
6622,0
6623,0
6624,65
6625,68
6626,70
6627,72
6628,74
6629,74
6630,76
6631,74
6632,73
6633,70
6634,72
6635,72
6636,74
6637,71
6638,0
6639,69
6640,68
6641,67
6642,64
6643,62
6644,0
6645,0
6646,0
6647,0
6648,0
6649,0
6650,60
6651,0
6652,63
6653,65
6654,68
6655,70
6656,70
6657,71
6658,71
6659,71
6660,70
6661,69
6662,70
6663,72
6664,71
6665,70
6666,69
6667,0
6668,71
6669,72
6670,72
6671,69
6672,69
6673,68
6674,67
6675,66
6676,65
6677,64
6678,66
6679,64
6680,67
6681,68
6682,70
6683,0
6684,70
6685,72
6686,71
6687,68
6688,67
6689,66
6690,65
6691,64
6692,64
6693,66
6694,68
6695,70
6696,71
6697,69
6698,71
6699,0
6700,70
6701,69
6702,66
6703,67
6704,69
6705,71
6706,73
6707,75
6708,76
6709,78
6710,78
6711,75
6712,74
6713,71
6714,70
6715,0
6716,67
6717,0
6718,60
6719,0
6720,0
6721,55
6722,0
6723,61
6724,60
6725,62
6726,61
6727,62
6728,64
6729,65
6730,0
6731,63
6732,62
6733,64
6734,64
6735,62
6736,62
6737,64
6738,65
6739,67
6740,70
6741,68
6742,68
6743,70
6744,69
6745,68
6746,0
6747,68
6748,69
6749,69
6750,68
6751,68
6752,67
6753,68
6754,69
6755,68
6756,66
6757,69
6758,71
6759,72
6760,72
6761,73
6762,0
6763,74
6764,77
6765,78
6766,75
6767,73
6768,72
6769,70
6770,67
6771,64
6772,63
6773,64
6774,67
6775,69
6776,72
6777,74
6778,0
6779,75
6780,78
6781,79
6782,79
6783,79
6784,80
6785,82
6786,84
6787,83
6788,83
6789,81
6790,79
6791,76
6792,73
6793,70
6794,0
6795,70
6796,73
6797,74
6798,77
6799,79
6800,77
6801,75
6802,74
6803,72
6804,71
6805,71
6806,73
6807,76
6808,74
6809,77
6810,0
6811,78
6812,77
6813,76
6814,75
6815,77
6816,80
6817,82
6818,81
6819,82
6820,81
6821,78
6822,77
6823,76
6824,75
6825,72
6826,0
6827,72
6828,74
6829,73
6830,71
6831,71
6832,73
6833,71
6834,73
6835,76
6836,76
6837,74
6838,73
6839,70
6840,71
6841,73
6842,0
6843,75
6844,76
6845,78
6846,79
6847,80
6848,79
6849,78
6850,78
6851,76
6852,78
6853,79
6854,79
6855,77
6856,79
6857,77
6858,0
6859,76
6860,75
6861,74
6862,73
6863,71
6864,70
6865,71
6866,73
6867,71
6868,70
6869,71
6870,72
6871,70
6872,68
6873,67
6874,0
6875,66
6876,69
6877,66
6878,66
6879,69
6880,70
6881,71
6882,72
6883,74
6884,75
6885,77
6886,74
6887,71
6888,70
6889,70
6890,0
6891,73
6892,70
6893,70
6894,71
6895,73
6896,73
6897,71
6898,70
6899,72
6900,73
6901,71
6902,69
6903,66
6904,68
6905,0
6906,68
6907,69
6908,69
6909,71
6910,73
6911,74
6912,77
6913,76
6914,0
6915,0
6916,0
6917,0
6918,0
6919,0
6920,0
6921,0
6922,0
6923,0
6924,0
6925,0
6926,68
6927,71
6928,73
6929,75
6930,77
6931,0
6932,79
6933,0
6934,0
6935,0
6936,0
6937,0
6938,82
6939,82
6940,83
6941,83
6942,85
6943,84
6944,82
6945,0
6946,80
6947,0
6948,0
6949,76
6950,77
6951,77
6952,78
6953,80
6954,81
6955,82
6956,84
6957,87
6958,89
6959,88
6960,87
6961,0
6962,85
6963,83
6964,84
6965,86
6966,87
6967,85
6968,83
6969,82
6970,80
6971,77
6972,78
6973,81
6974,83
6975,81
6976,84
6977,0
6978,85
6979,86
6980,89
6981,91
6982,90
6983,91
6984,90
6985,88
6986,85
6987,87
6988,84
6989,83
6990,82
6991,84
6992,83
6993,0
6994,82
6995,81
6996,80
6997,83
6998,0
6999,0
7000,0
7001,0
7002,94
7003,93
7004,94
7005,92
7006,94
7007,0
7008,94
7009,93
7010,92
7011,90
7012,91
7013,91
7014,90
7015,89
7016,88
7017,86
7018,83
7019,80
7020,78
7021,77
7022,75
7023,0
7024,76
7025,77
7026,75
7027,78
7028,81
7029,83
7030,85
7031,87
7032,85
7033,84
7034,82
7035,82
7036,79
7037,79
7038,78
7039,0
7040,77
7041,76
7042,78
7043,80
7044,83
7045,85
7046,83
7047,84
7048,85
7049,87
7050,88
7051,89
7052,91
7053,94
7054,92
7055,0
7056,91
7057,89
7058,88
7059,89
7060,89
7061,87
7062,88
7063,87
7064,89
7065,86
7066,88
7067,89
7068,88
7069,88
7070,0
7071,0
7072,0
7073,0
7074,0
7075,72
7076,73
7077,75
7078,78
7079,80
7080,81
7081,80
7082,81
7083,83
7084,0
7085,84
7086,87
7087,88
7088,86
7089,89
7090,91
7091,91
7092,0
7093,0
7094,0
7095,0
7096,90
7097,0
7098,90
7099,92
7100,93
7101,92
7102,91
7103,89
7104,90
7105,91
7106,90
7107,91
7108,93
7109,95
7110,94
7111,92
7112,90
7113,0
7114,89
7115,87
7116,86
7117,83
7118,85
7119,85
7120,84
7121,83
7122,84
7123,83
7124,81
7125,80
7126,77
7127,75
7128,73
7129,0
7130,75
7131,76
7132,79
7133,82
7134,85
7135,87
7136,90
7137,88
7138,85
7139,83
7140,82
7141,79
7142,78
7143,77
7144,78
7145,0
7146,76
7147,77
7148,80
7149,82
7150,79
7151,81
7152,81
7153,80
7154,77
7155,75
7156,73
7157,71
7158,70
7159,73
7160,74
7161,0
7162,77
7163,78
7164,81
7165,82
7166,83
7167,84
7168,85
7169,87
7170,85
7171,87
7172,87
7173,90
7174,89
7175,87
7176,86
7177,0
7178,86
7179,87
7180,88
7181,89
7182,92
7183,94
7184,93
7185,91
7186,88
7187,87
7188,84
7189,81
7190,80
7191,79
7192,0
7193,79
7194,82
7195,85
7196,88
7197,91
7198,93
7199,92
7200,92
7201,90
7202,87
7203,86
7204,84
7205,83
7206,81
7207,78
7208,76
7209,0
7210,73
7211,74
7212,74
7213,75
7214,76
7215,77
7216,78
7217,79
7218,81
7219,83
7220,83
7221,81
7222,83
7223,83
7224,80
7225,0
7226,79
7227,77
7228,78
7229,79
7230,78
7231,79
7232,82
7233,84
7234,86
7235,87
7236,84
7237,82
7238,79
7239,81
7240,78
7241,0
7242,80
7243,79
7244,78
7245,76
7246,73
7247,71
7248,72
7249,71
7250,73
7251,74
7252,75
7253,76
7254,78
7255,79
7256,78
7257,0
7258,81
7259,79
7260,77
7261,75
7262,77
7263,78
7264,79
7265,80
7266,82
7267,83
7268,85
7269,83
7270,80
7271,77
7272,79
7273,0
7274,77
7275,75
7276,76
7277,77
7278,77
7279,76
7280,78
7281,81
7282,84
7283,82
7284,84
7285,83
7286,84
7287,86
7288,88
7289,0
7290,90
7291,87
7292,88
7293,88
7294,89
7295,88
7296,87
7297,86
7298,83
7299,82
7300,79
7301,78
7302,77
7303,74
7304,75
7305,0
7306,76
7307,76
7308,78
7309,79
7310,81
7311,81
7312,83
7313,84
7314,85
7315,84
7316,85
7317,86
7318,84
7319,85
7320,82
7321,0
7322,81
7323,80
7324,79
7325,78
7326,81
7327,82
7328,79
7329,81
7330,78
7331,76
7332,75
7333,73
7334,72
7335,75
7336,77
7337,0
7338,75
7339,76
7340,77
7341,75
7342,78
7343,79
7344,82
7345,85
7346,87
7347,89
7348,92
7349,90
7350,92
7351,90
7352,88
7353,0
7354,87
7355,85
7356,82
7357,80
7358,77
7359,74
7360,73
7361,76
7362,78
7363,79
7364,82
7365,83
7366,81
7367,80
7368,77
7369,0
7370,75
7371,74
7372,75
7373,76
7374,76
7375,78
7376,77
7377,78
7378,79
7379,78
7380,79
7381,78
7382,77
7383,77
7384,77
7385,0
7386,78
7387,77
7388,77
7389,78
7390,80
7391,82
7392,80
7393,78
7394,80
7395,81
7396,83
7397,84
7398,85
7399,87
7400,89
7401,0
7402,90
7403,92
7404,93
7405,90
7406,89
7407,87
7408,86
7409,84
7410,85
7411,83
7412,85
7413,82
7414,83
7415,86
7416,88
7417,0
7418,87
7419,88
7420,89
7421,87
7422,84
7423,81
7424,79
7425,77
7426,76
7427,74
7428,73
7429,72
7430,74
7431,72
7432,72
7433,0
7434,72
7435,71
7436,70
7437,72
7438,71
7439,73
7440,71
7441,68
7442,71
7443,72
7444,73
7445,72
7446,71
7447,73
7448,74
7449,0
7450,74
7451,75
7452,72
7453,73
7454,70
7455,70
7456,68
7457,0
7458,66
7459,63
7460,64
7461,63
7462,62
7463,63
7464,64
7465,0
7466,66
7467,68
7468,71
7469,70
7470,73
7471,74
7472,73
7473,76
7474,76
7475,75
7476,73
7477,72
7478,74
7479,74
7480,72
7481,0
7482,75
7483,73
7484,75
7485,76
7486,79
7487,81
7488,0
7489,0
7490,0
7491,0
7492,0
7493,0
7494,0
7495,0
7496,0
7497,92
7498,95
7499,98
7500,100
7501,103
7502,104
7503,106
7504,106
7505,104
7506,104
7507,104
7508,104
7509,102
7510,0
7511,0
7512,0
7513,0
7514,0
7515,0
7516,0
7517,0
7518,0
7519,0
7520,0
7521,0
7522,0
7523,0
7524,0
7525,0
7526,0
7527,0
7528,0
7529,0
7530,0
7531,0
7532,0
7533,0
7534,0
7535,0
7536,0
7537,0
7538,0
7539,0
7540,0
7541,0
7542,0
7543,0
7544,0
7545,0
7546,0
7547,0
7548,0
7549,0
7550,0
7551,0
7552,0
7553,0
7554,0
7555,0
7556,88
7557,0
7558,85
7559,86
7560,87
7561,86
7562,0
7563,0
7564,0
7565,83
7566,0
7567,0
7568,0
7569,0
7570,0
7571,81
7572,78
7573,0
7574,0
7575,0
7576,0
7577,0
7578,0
7579,0
7580,0
7581,0
7582,0
7583,0
7584,0
7585,0
7586,0
7587,0
7588,0
7589,87
7590,86
7591,83
7592,82
7593,83
7594,86
7595,89
7596,91
7597,93
7598,0
7599,0
7600,0
7601,0
7602,0
7603,0
7604,0
7605,0
7606,0
7607,90
7608,92
7609,93
7610,0
7611,93
7612,96
7613,0
7614,0
7615,0
7616,0
7617,0
7618,0
7619,0
7620,80
7621,0
7622,81
7623,84
7624,0
7625,0
7626,0
7627,0
7628,0
7629,0
7630,0
7631,0
7632,0
7633,0
7634,0
7635,0
7636,0
7637,0
7638,0
7639,0
7640,0
7641,0
7642,0
7643,0
7644,0
7645,0
7646,91
7647,90
7648,0
7649,0
7650,0
7651,101
7652,0
7653,0
7654,0
7655,0
7656,90
7657,0
7658,0
7659,0
7660,0
7661,0
7662,0
7663,0
7664,0
7665,88
7666,87
7667,86
7668,0
7669,0
7670,0
7671,0
7672,0
7673,0
7674,0
7675,0
7676,0
7677,0
7678,0
7679,0
7680,0
7681,0
7682,0
7683,0
7684,88
7685,0
7686,90
7687,92
7688,0
7689,90
7690,92
7691,90
7692,91
7693,91
7694,91
7695,93
7696,91
7697,91
7698,0
7699,0
7700,0
7701,0
7702,0
7703,0
7704,0
7705,0
7706,0
7707,0
7708,0
7709,0
7710,0
7711,0
7712,0
7713,0
7714,0
7715,0
7716,0
7717,73
7718,74
7719,76
7720,75
7721,73
7722,72
7723,69
7724,0
7725,66
7726,63
7727,61
7728,59
7729,57
7730,55
7731,57
7732,60
7733,62
7734,64
7735,65
7736,68
7737,67
7738,64
7739,63
7740,0
7741,61
7742,60
7743,59
7744,56
7745,58
7746,60
7747,63
7748,65
7749,68
7750,70
7751,73
7752,74
7753,73
7754,75
7755,73
7756,0
7757,0
7758,0
7759,0
7760,0
7761,0
7762,0
7763,0
7764,73
7765,73
7766,0
7767,0
7768,0
7769,0
7770,0
7771,0
7772,0
7773,0
7774,0
7775,0
7776,0
7777,0
7778,0
7779,0
7780,0
7781,0
7782,0
7783,0
7784,0
7785,0
7786,0
7787,0
7788,0
7789,68
7790,0
7791,65
7792,0
7793,68
7794,69
7795,69
7796,0
7797,0
7798,0
7799,0
7800,0
7801,0
7802,0
7803,0
7804,0
7805,0
7806,0
7807,0
7808,0
7809,0
7810,0
7811,0
7812,0
7813,0
7814,0
7815,67
7816,0
7817,67
7818,67
7819,69
7820,70
7821,70
7822,71
7823,71
7824,70
7825,70
7826,68
7827,0
7828,0
7829,0
7830,0
7831,0
7832,0
7833,0
7834,0
7835,0
7836,0
7837,0
7838,0
7839,0
7840,0
7841,0
7842,0
7843,0
7844,0
7845,0
7846,0
7847,0
7848,0
7849,0
7850,0
7851,0
7852,0
7853,0
7854,0
7855,0
7856,0
7857,0
7858,0
7859,0
7860,0
7861,0
7862,0
7863,0
7864,0
7865,0
7866,0
7867,0
7868,0
7869,69
7870,66
7871,0
7872,0
7873,0
7874,0
7875,0
7876,0
7877,0
7878,0
7879,0
7880,0
7881,0
7882,0
7883,0
7884,0
7885,0
7886,0
7887,0
7888,0
7889,0
7890,0
7891,60
7892,60
7893,62
7894,62
7895,64
7896,63
7897,62
7898,61
7899,61
7900,59
7901,58
7902,59
7903,61
7904,63
7905,64
7906,0
7907,66
7908,67
7909,68
7910,69
7911,72
7912,74
7913,72
7914,73
7915,74
7916,74
7917,75
7918,72
7919,69
7920,67
7921,66
7922,0
7923,65
7924,68
7925,66
7926,69
7927,69
7928,0
7929,0
7930,0
7931,0
7932,0
7933,0
7934,78
7935,0
7936,81
7937,78
7938,77
7939,74
7940,76
7941,75
7942,0
7943,0
7944,0
7945,0
7946,0
7947,0
7948,0
7949,0
7950,0
7951,0
7952,78
7953,81
7954,79
7955,77
7956,75
7957,76
7958,79
7959,77
7960,76
7961,0
7962,79
7963,80
7964,0
7965,0
7966,0
7967,0
7968,0
7969,0
7970,0
7971,0
7972,0
7973,0
7974,0
7975,84
7976,85
7977,0
7978,0
7979,0
7980,78
7981,0
7982,0
7983,0
7984,0
7985,0
7986,0
7987,0
7988,0
7989,0
7990,0
7991,0
7992,0
7993,0
7994,0
7995,0
7996,83
7997,81
7998,80
7999,78
8000,81
8001,0
8002,78
8003,80
8004,80
8005,81
8006,80
8007,77
8008,79
8009,77
8010,75
8011,0
8012,77
8013,76
8014,78
8015,79
8016,0
8017,0
8018,84
8019,0
8020,0
8021,0
8022,0
8023,0
8024,0
8025,0
8026,0
8027,0
8028,0
8029,0
8030,0
8031,0
8032,0
8033,0
8034,0
8035,0
8036,0
8037,0
8038,0
8039,0
8040,0
8041,0
8042,0
8043,0
8044,0
8045,0
8046,0
8047,0
8048,0
8049,0
8050,0
8051,0
8052,0
8053,0
8054,0
8055,0
8056,0
8057,0
8058,0
8059,0
8060,0
8061,0
8062,0
8063,0
8064,0
8065,0
8066,0
8067,0
8068,0
8069,0
8070,0
8071,0
8072,0
8073,0
8074,0
8075,0
8076,0
8077,0
8078,0
8079,0
8080,0
8081,0
8082,0
8083,0
8084,0
8085,0
8086,0
8087,0
8088,0
8089,0
8090,0
8091,0
8092,0
8093,0
8094,0
8095,0
8096,0
8097,0
8098,0
8099,87
8100,0
8101,0
8102,0
8103,0
8104,0
8105,0
8106,0
8107,0
8108,0
8109,0
8110,0
8111,0
8112,0
8113,0
8114,0
8115,0
8116,0
8117,0
8118,0
8119,0
8120,0
8121,0
8122,0
8123,0
8124,0
8125,0
8126,0
8127,0
8128,0
8129,0
8130,0
8131,0
8132,0
8133,0
8134,0
8135,0
8136,0
8137,0
8138,0
8139,0
8140,0
8141,0
8142,0
8143,0
8144,0
8145,0
8146,0
8147,0
8148,0
8149,0
8150,0
8151,0
8152,0
8153,0
8154,0
8155,0
8156,0
8157,0
8158,0
8159,0
8160,0
8161,0
8162,0
8163,0
8164,0
8165,0
8166,0
8167,0
8168,0
8169,0
8170,0
8171,0
8172,0
8173,0
8174,0
8175,0
8176,0
8177,0
8178,0
8179,0
8180,0
8181,0
8182,0
8183,0
8184,0
8185,0
8186,0
8187,0
8188,0
8189,0
8190,0
8191,0
8192,0
8193,0
8194,0
8195,0
8196,0
8197,0
8198,0
8199,0
8200,0
8201,0
8202,0
8203,0
8204,0
8205,0
8206,0
8207,0
8208,0
8209,0
8210,0
8211,0
8212,0
8213,0
8214,0
8215,0
8216,0
8217,0
8218,0
8219,0
8220,0
8221,0
8222,0
8223,0
8224,0
8225,0
8226,0
8227,0
8228,0
8229,0
8230,0
8231,0
8232,0
8233,0
8234,0
8235,0
8236,0
8237,0
8238,0
8239,0
8240,0
8241,0
8242,0
8243,0
8244,0
8245,0
8246,0
8247,0
8248,0
8249,0
8250,0
8251,0
8252,0
8253,0
8254,0
8255,0
8256,0
8257,0
8258,0
8259,0
8260,0
8261,0
8262,0
8263,0
8264,0
8265,0
8266,0
8267,0
8268,0
8269,0
8270,0
8271,0
8272,0
8273,0
8274,0
8275,0
8276,0
8277,0
8278,0
8279,0
8280,0
8281,0
8282,0
8283,0
8284,0
8285,0
8286,0
8287,0
8288,0
8289,0
8290,0
8291,0
8292,0
8293,0
8294,0
8295,0
8296,0
8297,0
8298,0
8299,0
8300,0
8301,0
8302,0
8303,0
8304,0
8305,0
8306,0
8307,0
8308,0
8309,0
8310,0
8311,0
8312,0
8313,0
8314,0
8315,0
8316,0
8317,0
8318,0
8319,0
8320,0
8321,0
8322,0
8323,0
8324,0
8325,0
8326,0
8327,0
8328,0
8329,0
8330,0
8331,0
8332,0
8333,0
8334,0
8335,0
8336,0
8337,0
8338,0
8339,0
8340,0
8341,0
8342,0
8343,0
8344,0
8345,0
8346,0
8347,0
8348,0
8349,0
8350,0
8351,0
8352,0
8353,0
8354,0
8355,0
8356,0
8357,0
8358,0
8359,0
8360,0
8361,0
8362,0
8363,0
8364,0
8365,0
8366,0
8367,0
8368,0
8369,0
8370,0
8371,0
8372,0
8373,0
8374,0
8375,0
8376,0
8377,0
8378,0
8379,0
8380,0
8381,0
8382,0
8383,0
8384,0
8385,0
8386,0
8387,0
8388,0
8389,0
8390,0
8391,0
8392,0
8393,0
8394,0
8395,0
8396,0
8397,0
8398,0
8399,0
8400,0
8401,0
8402,0
8403,0
8404,0
8405,0
8406,0
8407,0
8408,0
8409,0
8410,0
8411,0
8412,0
8413,0
8414,0
8415,0
8416,0
8417,0
8418,0
8419,0
8420,0
8421,0
8422,0
8423,0
8424,0
8425,0
8426,0
8427,0
8428,0
8429,0
8430,0
8431,0
8432,0
8433,0
8434,0
8435,0
8436,0
8437,0
8438,0
8439,0
8440,0
8441,0
8442,0
8443,0
8444,0
8445,0
8446,0
8447,0
8448,0
8449,0
8450,0
8451,0
8452,0
8453,0
8454,0
8455,0
8456,0
8457,0
8458,0
8459,0
8460,0
8461,0
8462,0
8463,0
8464,0
8465,0
8466,0
8467,0
8468,0
